submission_id,step_id,user_id,attempt_time,submission_time,status
641476970,2885233,50810846,1649263661,1649263943,correct
641479506,2885233,268027593,1649264137,1649264145,correct
642476873,2885233,33776034,1649376071,1649376094,correct
642477123,2885233,129099809,1649376169,1649376179,correct
642486939,2885233,129410134,1649377471,1649378383,correct
642492194,2885233,482249515,1649379518,1649379529,correct
642493405,2885233,121675128,1649379761,1649379773,correct
642496648,2885233,481480454,1649380328,1649380342,correct
642496846,2885233,482412611,1649380347,1649380371,correct
642497263,2885233,481515541,1649380410,1649380439,correct
642506493,2885233,179107075,1649382011,1649382022,correct
642513897,2885233,481556637,1649383245,1649383263,correct
642516070,2885233,455897789,1649383553,1649383568,correct
642544498,2885233,481478614,1649386911,1649386918,correct
642551880,2885233,482242439,1649387553,1649387570,correct
642555301,2885233,257479821,1649387902,1649387910,correct
642560862,2885233,482444463,1649388406,1649388421,correct
642563918,2885233,481484325,1649388691,1649388704,correct
642571503,2885233,482449833,1649389377,1649389388,correct
642573749,2885233,482321118,1649389573,1649389580,correct
642578374,2885233,482346483,1649389977,1649389995,correct
642579964,2885233,45348372,1649390126,1649390133,correct
642582813,2885233,58517099,1649388425,1649390380,correct
642611824,2885233,482350401,1649392722,1649392737,correct
642612695,2885233,481612550,1649392775,1649392804,correct
642616522,2885233,152646680,1649393084,1649393091,correct
642616645,2885233,63107839,1649393093,1649393099,correct
642627014,2885233,481494937,1649393895,1649393906,correct
642631973,2885233,482327526,1649394265,1649394296,correct
642634435,2885233,347640262,1649394368,1649394482,correct
642638194,2885233,481513324,1649394752,1649394772,correct
642643741,2885233,315802518,1649391089,1649395184,correct
642648025,2885233,323807524,1649395476,1649395502,correct
642656569,2885233,481513810,1649396118,1649396138,correct
642662897,2885233,152682664,1649396604,1649396618,correct
642677435,2885233,65456111,1649397669,1649397680,correct
642691602,2885233,482365129,1649398715,1649398730,correct
642695571,2885233,481555261,1649398856,1649399014,correct
642695856,2885233,45893502,1649399032,1649399037,correct
642696531,2885233,482244805,1649394745,1649399085,correct
642722825,2885233,482028655,1649400943,1649400952,correct
642722969,2885233,481509913,1649400952,1649400961,correct
642729673,2885233,291996560,1649401395,1649401413,correct
642732812,2885233,482508750,1649401584,1649401644,correct
642749967,2885233,482294706,1649391095,1649402907,correct
642763836,2885233,482001021,1649403922,1649403928,correct
642778475,2885233,313689924,1649404945,1649404956,correct
642791095,2885233,482370909,1649405877,1649405894,correct
642799288,2885233,482303996,1649406481,1649406501,correct
642806806,2885233,34684000,1649407010,1649407018,correct
642822584,2885233,186576098,1649408098,1649408107,correct
642830418,2885233,482377724,1649408623,1649408630,correct
642831183,2885233,482323865,1649408651,1649408685,correct
642842178,2885233,144676963,1649409435,1649409446,correct
642863753,2885233,482043056,1649411009,1649411020,correct
642869698,2885233,481510552,1649404278,1649411459,correct
642871267,2885233,112526134,1649411565,1649411568,correct
642887545,2885233,482557597,1649412773,1649412787,correct
642915773,2885233,482571590,1649414844,1649414859,correct
643031614,2885233,67342288,1649409022,1649424213,correct
643035089,2885233,482350674,1649424505,1649424513,correct
643037909,2885233,261231343,1649424656,1649424753,correct
643041336,2885233,261231343,1649425030,1649425043,correct
643076329,2885233,482628520,1649428138,1649428142,correct
643091686,2885233,270418637,1649429548,1649429562,correct
643108944,2885233,439512011,1649431078,1649431084,correct
643171888,2885233,482351714,1649437115,1649437127,correct
643189916,2885233,482312218,1649439236,1649439253,correct
643190099,2885233,482312511,1649439260,1649439276,correct
643219872,2885233,312821075,1649444171,1649444180,correct
643252354,2885233,358804756,1649460030,1649460044,correct
781781309,2885233,544259829,1665992357,1665992373,correct
641477070,2885238,50810846,1649263812,1649263951,correct
641477579,2885238,50810846,1649263969,1649263988,correct
641479675,2885238,268027593,1649264146,1649264159,correct
642476951,2885238,33776034,1649376099,1649376119,correct
642477191,2885238,129099809,1649376182,1649376197,correct
642487105,2885238,129410134,1649377472,1649378420,correct
642492352,2885238,482249515,1649379535,1649379559,correct
642493498,2885238,121675128,1649379778,1649379793,correct
642496772,2885238,481480454,1649380351,1649380360,correct
642496925,2885238,482412611,1649380373,1649380382,correct
642496936,2885238,481480454,1649380368,1649380384,correct
642497435,2885238,481515541,1649380444,1649380467,correct
642506652,2885238,179107075,1649382032,1649382045,correct
642515808,2885238,481556637,1649383302,1649383532,correct
642516207,2885238,455897789,1649383573,1649383585,correct
642544753,2885238,481478614,1649386929,1649386942,correct
642552083,2885238,482242439,1649387573,1649387593,correct
642561250,2885238,482444463,1649388427,1649388459,correct
642564041,2885238,481484325,1649388706,1649388716,correct
642571673,2885238,482449833,1649389393,1649389402,correct
642573952,2885238,482321118,1649389586,1649389597,correct
642578700,2885238,482346483,1649390001,1649390023,correct
642583313,2885238,58517099,1649390391,1649390424,correct
642612183,2885238,482350401,1649392743,1649392763,correct
642612868,2885238,481612550,1649392808,1649392817,correct
642616762,2885238,152646680,1649393098,1649393108,correct
642616973,2885238,63107839,1649393103,1649393123,correct
642627208,2885238,481494937,1649393911,1649393921,correct
642632141,2885238,482327526,1649394299,1649394308,correct
642634665,2885238,347640262,1649394452,1649394498,correct
642644087,2885238,315802518,1649395192,1649395211,correct
642648468,2885238,323807524,1649395507,1649395538,correct
642660282,2885238,481513810,1649396407,1649396422,correct
642663221,2885238,152682664,1649396624,1649396640,correct
642677878,2885238,65456111,1649397692,1649397714,correct
642692031,2885238,482365129,1649398734,1649398758,correct
642696050,2885238,481555261,1649399018,1649399050,correct
642696163,2885238,45893502,1649399046,1649399059,correct
642696854,2885238,482244805,1649394803,1649399113,correct
642723186,2885238,482028655,1649400956,1649400975,correct
642723247,2885238,481509913,1649400964,1649400978,correct
642728787,2885238,311949275,1649401339,1649401351,correct
642729786,2885238,291996560,1649401416,1649401422,correct
642750641,2885238,482294706,1649402917,1649402953,correct
642764260,2885238,482001021,1649403931,1649403958,correct
642774660,2885238,481513324,1649404669,1649404680,correct
642778941,2885238,313689924,1649404980,1649404988,correct
642785958,2885238,45348372,1649390135,1649405515,correct
642791765,2885238,482370909,1649405904,1649405942,correct
642799542,2885238,482303996,1649406510,1649406519,correct
642808148,2885238,34684000,1649407022,1649407112,correct
642822815,2885238,186576098,1649408111,1649408122,correct
642830631,2885238,482377724,1649408635,1649408646,correct
642831558,2885238,482323865,1649408698,1649408714,correct
642842399,2885238,144676963,1649409452,1649409463,correct
642864326,2885238,482043056,1649411027,1649411062,correct
642870044,2885238,481510552,1649404278,1649411483,correct
642871449,2885238,112526134,1649411572,1649411580,correct
642874785,2885238,257479821,1649387916,1649411823,correct
642887765,2885238,482557597,1649412774,1649412804,correct
642917016,2885238,482571590,1649414871,1649414947,correct
643030205,2885238,455897789,1649424090,1649424096,correct
643031754,2885238,482377724,1649424215,1649424225,correct
643031944,2885238,67342288,1649419102,1649424242,correct
643035371,2885238,482350674,1649424517,1649424536,correct
643037739,2885238,261231343,1649424712,1649424739,correct
643076540,2885238,482628520,1649428148,1649428163,correct
643091858,2885238,270418637,1649429564,1649429577,correct
643109055,2885238,439512011,1649431086,1649431093,correct
643172080,2885238,482351714,1649437132,1649437148,correct
643190046,2885238,482312218,1649439257,1649439269,correct
643190258,2885238,482312511,1649439282,1649439297,correct
643219951,2885238,312821075,1649444186,1649444197,correct
643238215,2885238,482508750,1649401659,1649450396,correct
643252383,2885238,358804756,1649460046,1649460061,correct
643252413,2885238,358804756,1649460065,1649460079,correct
781781623,2885238,544259829,1665992381,1665992392,correct
787433902,2885238,554043761,1666534640,1666534648,correct
789328438,2885238,554707213,1666696739,1666696758,correct
631797144,2848633,268027593,1648372379,1648372405,correct
631797628,2848633,268027593,1648372416,1648372436,correct
631799493,2848633,268027593,1648372530,1648372560,correct
632022913,2848633,268027593,1648387084,1648387088,wrong
632028825,2848633,268027593,1648387084,1648387480,correct
632032420,2848633,268027593,1648387705,1648387718,wrong
632032968,2848633,268027593,1648387705,1648387756,correct
635133585,2848633,50810846,1648406918,1648655401,correct
642497623,2848633,33776034,1649376124,1649380498,wrong
642652738,2848633,33776034,1649376124,1649395855,wrong
642694416,2848633,33776034,1649376124,1649398925,correct
642514731,2848633,482412611,1649380385,1649383386,wrong
642515493,2848633,482412611,1649380385,1649383490,wrong
642516669,2848633,482412611,1649380385,1649383642,wrong
642517649,2848633,482412611,1649380385,1649383774,wrong
642522747,2848633,482412611,1649380385,1649384438,correct
642540453,2848633,129099809,1649376200,1649386517,wrong
642543018,2848633,129099809,1649376200,1649386773,wrong
642544395,2848633,129099809,1649376200,1649386909,correct
642589301,2848633,481478614,1649386947,1649390957,wrong
642592193,2848633,481478614,1649386947,1649391212,wrong
642604736,2848633,481478614,1649386947,1649392208,wrong
642605738,2848633,481478614,1649386947,1649392286,wrong
642624244,2848633,481478614,1649386947,1649393692,wrong
642633469,2848633,481478614,1649386947,1649394408,correct
642593447,2848633,58517099,1649390430,1649391316,correct
642613205,2848633,45348372,1649390137,1649392845,wrong
642627581,2848633,45348372,1649390137,1649393952,wrong
642628335,2848633,45348372,1649390137,1649394015,wrong
642629505,2848633,45348372,1649390137,1649394104,wrong
642630355,2848633,45348372,1649390137,1649394171,wrong
642630947,2848633,45348372,1649390137,1649394214,wrong
642631217,2848633,45348372,1649390137,1649394236,wrong
642631499,2848633,45348372,1649390137,1649394257,wrong
642633742,2848633,45348372,1649390137,1649394429,wrong
642639203,2848633,45348372,1649390137,1649394846,wrong
642639684,2848633,45348372,1649390137,1649394880,wrong
642640218,2848633,45348372,1649390137,1649394920,wrong
642642383,2848633,45348372,1649390137,1649395082,wrong
642791950,2848633,45348372,1649390137,1649405956,wrong
642801980,2848633,45348372,1649390137,1649406696,wrong
642935022,2848633,45348372,1649390137,1649416321,wrong
642935899,2848633,45348372,1649390137,1649416390,wrong
642942422,2848633,45348372,1649390137,1649416901,correct
642630196,2848633,481484325,1649388718,1649394157,wrong
642631708,2848633,481484325,1649388718,1649394274,wrong
642633843,2848633,481484325,1649388718,1649394436,correct
642641542,2848633,482242439,1649387599,1649395020,wrong
642642578,2848633,482242439,1649387599,1649395097,wrong
642644595,2848633,482242439,1649387599,1649395248,wrong
642644829,2848633,482242439,1649387599,1649395264,wrong
642645835,2848633,482242439,1649387599,1649395338,wrong
642648178,2848633,482242439,1649387599,1649395513,wrong
642658813,2848633,482242439,1649387599,1649396309,wrong
642659790,2848633,482242439,1649387599,1649396386,wrong
642660395,2848633,482242439,1649387599,1649396432,wrong
642660531,2848633,482242439,1649387599,1649396443,wrong
642660749,2848633,482242439,1649387599,1649396459,wrong
642666241,2848633,482242439,1649387599,1649396853,wrong
642666496,2848633,482242439,1649387599,1649396870,wrong
642666708,2848633,482242439,1649387599,1649396887,wrong
642669043,2848633,482242439,1649387599,1649397057,wrong
642669422,2848633,482242439,1649387599,1649397087,wrong
642670849,2848633,482242439,1649387599,1649397191,wrong
642671695,2848633,482242439,1649387599,1649397256,wrong
642672049,2848633,482242439,1649387599,1649397282,correct
642644165,2848633,482249515,1649379566,1649395217,correct
642651027,2848633,482346483,1649390027,1649395722,wrong
642651267,2848633,481515541,1649380471,1649395739,correct
642657317,2848633,482346483,1649396172,1649396194,wrong
642678002,2848633,482350401,1649392768,1649397724,correct
642694538,2848633,152682664,1649396646,1649398934,wrong
642695125,2848633,152682664,1649396646,1649398979,wrong
642701484,2848633,152682664,1649396646,1649399444,wrong
642709927,2848633,152682664,1649396646,1649400048,wrong
642711173,2848633,152682664,1649396646,1649400136,correct
642710091,2848633,121675128,1649379802,1649400061,wrong
642714675,2848633,121675128,1649379802,1649400393,wrong
642715385,2848633,121675128,1649379802,1649400446,wrong
642715737,2848633,121675128,1649379802,1649400470,wrong
642719209,2848633,121675128,1649379802,1649400718,wrong
642756484,2848633,121675128,1649379802,1649403394,wrong
642757441,2848633,121675128,1649379802,1649403465,wrong
642763366,2848633,121675128,1649379802,1649403894,wrong
642838016,2848633,121675128,1649379802,1649409159,wrong
642880173,2848633,121675128,1649379802,1649412231,correct
642721531,2848633,129410134,1649378424,1649400873,wrong
642732745,2848633,129410134,1649378424,1649401638,wrong
642733010,2848633,129410134,1649378424,1649401659,wrong
642773062,2848633,129410134,1649378424,1649404565,correct
642749221,2848633,179107075,1649382050,1649402853,wrong
642751555,2848633,179107075,1649382050,1649403022,wrong
642839569,2848633,179107075,1649382050,1649409263,correct
642779058,2848633,152646680,1649393114,1649404999,wrong
643090337,2848633,152646680,1649393114,1649429430,wrong
643091580,2848633,152646680,1649393114,1649429554,wrong
643092316,2848633,152646680,1649393114,1649429616,wrong
643092979,2848633,152646680,1649393114,1649429673,correct
642790417,2848633,481612550,1649392821,1649405843,wrong
642805243,2848633,481612550,1649392821,1649406917,wrong
642806425,2848633,481612550,1649392821,1649406994,correct
642793537,2848633,482327526,1649394314,1649406077,wrong
642797011,2848633,482327526,1649394314,1649406334,wrong
642807056,2848633,482327526,1649394314,1649407036,wrong
642807226,2848633,482327526,1649394314,1649407047,wrong
642840950,2848633,482327526,1649394314,1649409355,wrong
642847248,2848633,482327526,1649394314,1649409801,wrong
642847403,2848633,482327526,1649394314,1649409814,wrong
642857118,2848633,482327526,1649394314,1649410533,wrong
642872065,2848633,482327526,1649394314,1649411625,wrong
642877000,2848633,482327526,1649394314,1649411987,correct
642819663,2848633,45893502,1649399066,1649407899,wrong
642821783,2848633,45893502,1649399066,1649408048,wrong
642833091,2848633,45893502,1649399066,1649408820,wrong
642833510,2848633,45893502,1649399066,1649408850,correct
642852612,2848633,482028655,1649400985,1649410194,correct
642857587,2848633,161668448,1649390880,1649410569,wrong
642863040,2848633,161668448,1649390880,1649410966,wrong
642869521,2848633,161668448,1649390880,1649411446,wrong
642871201,2848633,161668448,1649390880,1649411564,wrong
642875095,2848633,161668448,1649390880,1649411848,wrong
642882194,2848633,161668448,1649390880,1649412387,wrong
642860535,2848633,482346483,1649410721,1649410779,wrong
642890985,2848633,482346483,1649410721,1649413034,wrong
643126040,2848633,482346483,1649410721,1649432600,wrong
643219678,2848633,482346483,1649410721,1649444134,wrong
643221113,2848633,482346483,1649410721,1649444499,correct
642871834,2848633,34684000,1649407116,1649411607,wrong
642873293,2848633,34684000,1649407116,1649411713,wrong
642883727,2848633,34684000,1649407116,1649412505,wrong
642892777,2848633,34684000,1649407116,1649413170,wrong
642896386,2848633,34684000,1649407116,1649413441,wrong
642897598,2848633,34684000,1649407116,1649413533,wrong
643235147,2848633,34684000,1649407116,1649448951,wrong
642885815,2848633,161668448,1649412648,1649412655,wrong
642890225,2848633,161668448,1649412648,1649412978,wrong
642891714,2848633,161668448,1649412648,1649413090,wrong
642891885,2848633,161668448,1649412648,1649413103,wrong
642892210,2848633,161668448,1649412648,1649413128,wrong
642893881,2848633,161668448,1649412648,1649413253,wrong
642894263,2848633,161668448,1649412648,1649413280,wrong
642889829,2848633,481556637,1649383539,1649412952,correct
642912861,2848633,482323865,1649408720,1649414650,wrong
642963438,2848633,481555261,1649399058,1649418483,correct
642986231,2848633,65456111,1649397718,1649420368,wrong
642991706,2848633,65456111,1649397718,1649420832,wrong
642991871,2848633,65456111,1649397718,1649420848,wrong
642996304,2848633,65456111,1649397718,1649421204,wrong
642997582,2848633,65456111,1649397718,1649421309,correct
642998992,2848633,63107839,1649393128,1649421425,wrong
642999609,2848633,63107839,1649393128,1649421473,wrong
643008196,2848633,63107839,1649393128,1649422196,wrong
643020321,2848633,63107839,1649393128,1649423231,wrong
643020491,2848633,63107839,1649393128,1649423246,wrong
643020705,2848633,63107839,1649393128,1649423264,wrong
643022099,2848633,63107839,1649393128,1649423391,wrong
643023304,2848633,63107839,1649393128,1649423494,wrong
643024619,2848633,63107839,1649393128,1649423609,wrong
643024893,2848633,63107839,1649393128,1649423632,wrong
643026294,2848633,63107839,1649393128,1649423749,wrong
643027406,2848633,63107839,1649393128,1649423847,wrong
643028643,2848633,63107839,1649393128,1649423956,wrong
643029010,2848633,63107839,1649393128,1649423992,wrong
643029987,2848633,63107839,1649393128,1649424078,wrong
643032231,2848633,63107839,1649393128,1649424266,wrong
643034710,2848633,63107839,1649393128,1649424480,wrong
643034924,2848633,63107839,1649393128,1649424499,wrong
643038151,2848633,63107839,1649393128,1649424774,wrong
643038387,2848633,63107839,1649393128,1649424794,wrong
643038528,2848633,63107839,1649393128,1649424807,wrong
643042044,2848633,63107839,1649393128,1649425100,wrong
643045315,2848633,63107839,1649393128,1649425392,wrong
643046390,2848633,63107839,1649393128,1649425483,wrong
643046461,2848633,63107839,1649393128,1649425491,wrong
643051408,2848633,63107839,1649393128,1649425908,wrong
643237129,2848633,63107839,1649393128,1649449864,wrong
643237337,2848633,63107839,1649393128,1649449985,wrong
643237456,2848633,63107839,1649393128,1649450041,wrong
643238757,2848633,63107839,1649393128,1649450685,wrong
643240136,2848633,63107839,1649393128,1649451512,wrong
643240171,2848633,63107839,1649393128,1649451531,wrong
643240269,2848633,63107839,1649393128,1649451597,wrong
643240941,2848633,63107839,1649393128,1649452050,wrong
643241229,2848633,63107839,1649393128,1649452268,wrong
643241252,2848633,63107839,1649393128,1649452285,wrong
643241725,2848633,63107839,1649393128,1649452643,wrong
677058681,2848633,63107839,1649393128,1653079309,wrong
643013595,2848633,482294706,1649402922,1649422640,wrong
643018047,2848633,482294706,1649402922,1649423035,wrong
643021360,2848633,482294706,1649402922,1649423324,wrong
643022177,2848633,482294706,1649402922,1649423398,wrong
643028752,2848633,482294706,1649402922,1649423966,wrong
643158838,2848633,482294706,1649402922,1649435725,wrong
643160928,2848633,482294706,1649402922,1649435947,wrong
643168554,2848633,482294706,1649402922,1649436769,wrong
643169184,2848633,482294706,1649402922,1649436836,correct
643020707,2848633,481509913,1649400981,1649423264,wrong
643023594,2848633,481509913,1649423502,1649423519,wrong
643029256,2848633,481509913,1649423502,1649424012,wrong
643044620,2848633,481509913,1649423502,1649425328,wrong
643051018,2848633,481509913,1649423502,1649425876,wrong
643072779,2848633,481509913,1649423502,1649427825,wrong
643074430,2848633,481509913,1649423502,1649427974,wrong
643083724,2848633,481509913,1649423502,1649428833,wrong
643192189,2848633,481509913,1649423502,1649439544,correct
643064138,2848633,112526134,1649411583,1649427039,correct
643094144,2848633,481494937,1649393926,1649429778,wrong
643095540,2848633,481494937,1649429803,1649429898,wrong
643194057,2848633,481494937,1649429803,1649439793,wrong
643194460,2848633,481494937,1649429803,1649439844,wrong
643194643,2848633,481494937,1649429803,1649439870,wrong
643195533,2848633,481494937,1649429803,1649439988,wrong
643099137,2848633,270418637,1649429582,1649430214,correct
643099374,2848633,482571590,1649414959,1649430236,wrong
643223854,2848633,482571590,1649414959,1649445221,correct
643100572,2848633,311949275,1649401359,1649430353,wrong
643101315,2848633,311949275,1649401359,1649430418,wrong
643107420,2848633,311949275,1649401359,1649430948,correct
643134203,2848633,481513810,1649396450,1649433331,correct
643144903,2848633,313689924,1649404991,1649434359,correct
643149134,2848633,482377724,1649408650,1649434768,correct
643158597,2848633,482244805,1649394772,1649435699,correct
643159601,2848633,481513324,1649404684,1649435805,correct
643175976,2848633,257479821,1649387920,1649437587,correct
643188254,2848633,482557597,1649412799,1649439042,correct
643193243,2848633,482365129,1649398769,1649439683,correct
643195723,2848633,144676963,1649409467,1649440014,correct
643198204,2848633,482312511,1649439299,1649440361,wrong
643198261,2848633,482312511,1649440369,1649440371,wrong
643200746,2848633,482321118,1649389601,1649440728,wrong
643200840,2848633,482321118,1649389601,1649440739,wrong
643201145,2848633,482321118,1649389601,1649440786,wrong
643201406,2848633,482321118,1649389601,1649440822,wrong
643201495,2848633,482321118,1649389601,1649440835,wrong
643201551,2848633,482321118,1649389601,1649440842,wrong
643201653,2848633,482321118,1649389601,1649440858,wrong
643202292,2848633,482321118,1649389601,1649440950,wrong
643202408,2848633,482321118,1649389601,1649440970,wrong
643205267,2848633,482321118,1649389601,1649441419,wrong
643205706,2848633,482321118,1649389601,1649441490,wrong
643206704,2848633,482321118,1649389601,1649441641,wrong
643206644,2848633,482444463,1649388464,1649441630,correct
643207190,2848633,481494937,1649441364,1649441709,wrong
643213104,2848633,481494937,1649442614,1649442690,wrong
643224450,2848633,481494937,1649442614,1649445380,wrong
643228073,2848633,481494937,1649442614,1649446503,wrong
643228708,2848633,481494937,1649442614,1649446709,wrong
643230298,2848633,481494937,1649442614,1649447186,wrong
643230330,2848633,481494937,1649442614,1649447196,wrong
643230699,2848633,481494937,1649442614,1649447309,wrong
643231251,2848633,481494937,1649442614,1649447485,wrong
643232299,2848633,481494937,1649442614,1649447874,correct
643217217,2848633,482351714,1649437151,1649443560,wrong
643219732,2848633,482351714,1649444095,1649444145,wrong
643223526,2848633,482351714,1649445065,1649445125,wrong
643231139,2848633,482351714,1649445065,1649447450,correct
643223965,2848633,481510552,1649411469,1649445250,wrong
643225663,2848633,481510552,1649411469,1649445745,wrong
643226448,2848633,481510552,1649411469,1649446006,correct
643226022,2848633,315802518,1649395216,1649445864,wrong
643234065,2848633,315802518,1649395216,1649448558,wrong
643234380,2848633,315802518,1649395216,1649448680,wrong
643234650,2848633,315802518,1649395216,1649448780,wrong
643234896,2848633,315802518,1649395216,1649448867,wrong
643235199,2848633,315802518,1649395216,1649448968,wrong
643236279,2848633,315802518,1649395216,1649449450,wrong
643236654,2848633,315802518,1649395216,1649449628,wrong
643237764,2848633,315802518,1649395216,1649450202,wrong
643238642,2848633,315802518,1649395216,1649450625,wrong
643239322,2848633,315802518,1649395216,1649451048,wrong
643226337,2848633,67342288,1649409042,1649445973,wrong
643226452,2848633,67342288,1649409042,1649446007,wrong
643227635,2848633,67342288,1649409042,1649446374,wrong
643227884,2848633,67342288,1649409042,1649446450,wrong
643229347,2848633,67342288,1649409042,1649446890,wrong
643230655,2848633,67342288,1649409042,1649447296,wrong
643231231,2848633,67342288,1649409042,1649447478,wrong
643231849,2848633,67342288,1649409042,1649447693,wrong
643228782,2848633,186576098,1649408127,1649446734,wrong
643228801,2848633,186576098,1649408127,1649446741,wrong
643234697,2848633,186576098,1649408127,1649448796,wrong
643235520,2848633,186576098,1649408127,1649449086,wrong
643234584,2848633,482370909,1649405947,1649448757,wrong
643235114,2848633,482370909,1649448800,1649448940,wrong
643235212,2848633,482370909,1649448800,1649448973,wrong
643235264,2848633,482370909,1649448800,1649448992,wrong
643235528,2848633,482370909,1649448800,1649449090,wrong
643236967,2848633,291996560,1649401424,1649449784,correct
643237387,2848633,482350674,1649424540,1649450010,wrong
643238014,2848633,482350674,1649424540,1649450311,wrong
643238089,2848633,482350674,1649424540,1649450339,wrong
643238383,2848633,482350674,1649424540,1649450486,wrong
643238599,2848633,482350674,1649424540,1649450610,wrong
643241684,2848633,482350674,1649424540,1649452599,correct
608339824,2761002,50810846,1645765870,1645766161,wrong
608370877,2761002,50810846,1645765870,1645768878,correct
623713972,2761002,268027593,1647234999,1647530804,wrong
623727968,2761002,268027593,1647234999,1647531933,wrong
623730201,2761002,268027593,1647532092,1647532106,wrong
624385097,2761002,268027593,1647532092,1647609264,correct
642553984,2761002,482412611,1649384457,1649387772,wrong
642560848,2761002,482412611,1649384457,1649388419,correct
642569600,2761002,481515541,1649382200,1649389223,correct
642601135,2761002,129410134,1649384293,1649391925,wrong
642612391,2761002,129410134,1649384293,1649392779,wrong
642613020,2761002,129410134,1649384293,1649392829,wrong
642617280,2761002,129410134,1649384293,1649393146,wrong
642622777,2761002,129410134,1649384293,1649393578,wrong
642630843,2761002,129410134,1649384293,1649394207,wrong
642636716,2761002,129410134,1649384293,1649394658,wrong
642636924,2761002,129410134,1649384293,1649394676,wrong
642643157,2761002,129410134,1649384293,1649395141,wrong
642649401,2761002,129410134,1649384293,1649395606,wrong
642793959,2761002,129410134,1649384293,1649406110,wrong
642815455,2761002,129410134,1649384293,1649407602,wrong
642815993,2761002,129410134,1649384293,1649407644,wrong
642818984,2761002,129410134,1649384293,1649407850,wrong
642819642,2761002,129410134,1649384293,1649407898,wrong
642849190,2761002,129410134,1649384293,1649409947,wrong
642849553,2761002,129410134,1649384293,1649409973,wrong
642850053,2761002,129410134,1649384293,1649410010,wrong
642858029,2761002,129410134,1649384293,1649410603,correct
642616309,2761002,58517099,1649391323,1649393075,wrong
642619050,2761002,58517099,1649393136,1649393285,correct
642700372,2761002,482350401,1649394688,1649399365,correct
642721186,2761002,33776034,1649380577,1649400852,correct
642728279,2761002,482249515,1649379672,1649401317,wrong
642739459,2761002,482249515,1649402126,1649402137,wrong
642756400,2761002,482249515,1649402753,1649403388,wrong
642758347,2761002,129099809,1649382729,1649403535,wrong
642768610,2761002,129099809,1649382729,1649404260,wrong
642772438,2761002,129099809,1649382729,1649404520,wrong
642773729,2761002,129099809,1649382729,1649404614,wrong
642778263,2761002,129099809,1649382729,1649404941,wrong
642793301,2761002,129099809,1649382729,1649406061,wrong
642863661,2761002,129099809,1649382729,1649411012,wrong
642869931,2761002,129099809,1649382729,1649411475,wrong
642900837,2761002,129099809,1649382729,1649413778,wrong
642902011,2761002,129099809,1649382729,1649413865,correct
642779497,2761002,482249515,1649405027,1649405035,correct
642801761,2761002,63107839,1649395806,1649406682,wrong
642803980,2761002,63107839,1649395806,1649406833,wrong
642806135,2761002,63107839,1649395806,1649406975,wrong
642814101,2761002,63107839,1649395806,1649407507,wrong
642814850,2761002,63107839,1649395806,1649407560,wrong
642818946,2761002,63107839,1649395806,1649407847,wrong
643240208,2761002,63107839,1649395806,1649451551,wrong
642820033,2761002,481484325,1649388965,1649407924,wrong
642825540,2761002,481484325,1649388965,1649408305,wrong
642833840,2761002,152682664,1649400270,1649408872,wrong
642834705,2761002,152682664,1649400270,1649408935,wrong
642841135,2761002,152682664,1649400270,1649409369,wrong
642895899,2761002,152682664,1649400270,1649413404,correct
642839990,2761002,45348372,1649390167,1649409289,wrong
642842009,2761002,45348372,1649390167,1649409432,wrong
642842762,2761002,45348372,1649390167,1649409490,wrong
642843407,2761002,45348372,1649390167,1649409534,wrong
642864838,2761002,45348372,1649390167,1649411103,wrong
642865114,2761002,45348372,1649390167,1649411124,wrong
642866808,2761002,45348372,1649390167,1649411250,wrong
642872937,2761002,45348372,1649390167,1649411687,wrong
642880199,2761002,45348372,1649390167,1649412233,wrong
642884610,2761002,45348372,1649390167,1649412568,wrong
642894898,2761002,45348372,1649390167,1649413328,wrong
642895550,2761002,45348372,1649390167,1649413379,wrong
642896381,2761002,45348372,1649390167,1649413440,wrong
642896985,2761002,45348372,1649390167,1649413484,wrong
642930960,2761002,45348372,1649390167,1649415992,correct
642860886,2761002,482242439,1649387851,1649410806,wrong
642863548,2761002,482242439,1649387851,1649411004,wrong
642875054,2761002,482242439,1649387851,1649411845,wrong
642878046,2761002,482242439,1649387851,1649412068,wrong
642892398,2761002,482242439,1649387851,1649413142,wrong
642892752,2761002,482242439,1649387851,1649413169,wrong
642944280,2761002,482242439,1649387851,1649417047,wrong
642957413,2761002,482242439,1649387851,1649418028,correct
642877396,2761002,481478614,1649394830,1649412018,wrong
642891084,2761002,481478614,1649394830,1649413041,wrong
642893071,2761002,481478614,1649394830,1649413192,wrong
642944240,2761002,481478614,1649394830,1649417043,wrong
642945454,2761002,481478614,1649394830,1649417137,wrong
643044035,2761002,481478614,1649394830,1649425275,wrong
643048010,2761002,481478614,1649394830,1649425621,wrong
643048760,2761002,481478614,1649394830,1649425690,wrong
643051555,2761002,481478614,1649394830,1649425922,wrong
643052305,2761002,481478614,1649394830,1649425989,correct
642886734,2761002,129410134,1649412684,1649412727,correct
642900831,2761002,179107075,1649382063,1649413778,wrong
642909242,2761002,179107075,1649382063,1649414395,wrong
642931225,2761002,179107075,1649382063,1649416014,wrong
642947227,2761002,179107075,1649382063,1649417273,wrong
642950898,2761002,179107075,1649382063,1649417540,wrong
643008793,2761002,179107075,1649382063,1649422243,wrong
643105570,2761002,179107075,1649382063,1649430788,wrong
643127440,2761002,179107075,1649382063,1649432730,wrong
643141001,2761002,179107075,1649382063,1649433982,wrong
643197766,2761002,179107075,1649382063,1649440295,wrong
643217670,2761002,179107075,1649382063,1649443664,correct
642921114,2761002,257479821,1649387991,1649415237,wrong
642921385,2761002,257479821,1649387991,1649415257,wrong
642939580,2761002,257479821,1649387991,1649416678,wrong
642940079,2761002,257479821,1649387991,1649416719,wrong
643156830,2761002,257479821,1649387991,1649435525,wrong
643158863,2761002,257479821,1649387991,1649435727,wrong
643159299,2761002,257479821,1649387991,1649435772,wrong
642931566,2761002,121675128,1649379825,1649416041,wrong
642932903,2761002,121675128,1649379825,1649416153,wrong
642949017,2761002,121675128,1649379825,1649417405,wrong
642952147,2761002,121675128,1649379825,1649417631,wrong
642974625,2761002,121675128,1649379825,1649419380,wrong
642975787,2761002,121675128,1649379825,1649419480,wrong
642978138,2761002,121675128,1649379825,1649419678,wrong
642978405,2761002,121675128,1649379825,1649419699,wrong
642985466,2761002,121675128,1649379825,1649420298,wrong
642987761,2761002,121675128,1649379825,1649420496,wrong
642992871,2761002,121675128,1649379825,1649420927,wrong
643025364,2761002,121675128,1649379825,1649423672,wrong
643029671,2761002,121675128,1649379825,1649424049,wrong
643037600,2761002,121675128,1649379825,1649424727,correct
642950414,2761002,65456111,1649398226,1649417504,correct
642951289,2761002,481509913,1649401011,1649417569,wrong
643013743,2761002,481509913,1649401011,1649422653,wrong
643015894,2761002,481509913,1649401011,1649422841,correct
642958345,2761002,186576098,1649409886,1649418098,wrong
642964084,2761002,186576098,1649409886,1649418533,wrong
642976767,2761002,186576098,1649409886,1649419567,wrong
642977667,2761002,186576098,1649409886,1649419641,wrong
642979187,2761002,186576098,1649409886,1649419762,wrong
642980271,2761002,186576098,1649409886,1649419850,wrong
642982322,2761002,186576098,1649409886,1649420020,wrong
642984352,2761002,186576098,1649409886,1649420195,wrong
642984894,2761002,186576098,1649409886,1649420242,wrong
642988772,2761002,186576098,1649409886,1649420584,wrong
642989625,2761002,186576098,1649409886,1649420659,wrong
642990332,2761002,186576098,1649409886,1649420720,wrong
642991293,2761002,186576098,1649409886,1649420798,wrong
642993517,2761002,186576098,1649409886,1649420974,wrong
642994717,2761002,186576098,1649409886,1649421067,wrong
642996483,2761002,186576098,1649409886,1649421220,wrong
643007882,2761002,186576098,1649409886,1649422172,wrong
643029766,2761002,186576098,1649409886,1649424058,wrong
643037188,2761002,186576098,1649409886,1649424693,wrong
643038824,2761002,186576098,1649409886,1649424832,wrong
643041831,2761002,186576098,1649409886,1649425083,wrong
643043039,2761002,186576098,1649409886,1649425187,wrong
643046531,2761002,186576098,1649409886,1649425498,wrong
643049079,2761002,186576098,1649409886,1649425716,wrong
643054873,2761002,186576098,1649409886,1649426213,wrong
643062058,2761002,186576098,1649409886,1649426846,correct
642970691,2761002,481509913,1649419001,1649419041,wrong
642971406,2761002,481556637,1649383702,1649419098,wrong
642972057,2761002,481556637,1649383702,1649419153,wrong
642980661,2761002,481556637,1649383702,1649419881,wrong
642983299,2761002,481556637,1649383702,1649420103,wrong
643009871,2761002,481556637,1649383702,1649422336,wrong
643011385,2761002,481556637,1649383702,1649422458,wrong
643022618,2761002,481556637,1649383702,1649423436,wrong
643028370,2761002,481556637,1649383702,1649423931,wrong
643032153,2761002,481556637,1649383702,1649424259,wrong
643042362,2761002,481556637,1649383702,1649425128,wrong
643043246,2761002,481556637,1649383702,1649425206,wrong
643045166,2761002,481556637,1649383702,1649425379,wrong
643047447,2761002,481556637,1649383702,1649425578,wrong
643061056,2761002,481556637,1649383702,1649426753,wrong
643061801,2761002,481556637,1649383702,1649426823,wrong
643062076,2761002,481556637,1649383702,1649426848,wrong
643062479,2761002,481556637,1649383702,1649426886,wrong
643063564,2761002,481556637,1649383702,1649426985,wrong
643065069,2761002,481556637,1649383702,1649427125,wrong
643065854,2761002,481556637,1649383702,1649427194,wrong
643069844,2761002,481556637,1649383702,1649427561,wrong
643073730,2761002,481556637,1649383702,1649427911,wrong
643077798,2761002,481556637,1649383702,1649428280,wrong
643078852,2761002,481556637,1649383702,1649428376,wrong
643081629,2761002,481556637,1649383702,1649428634,wrong
643082341,2761002,481556637,1649383702,1649428700,wrong
643088828,2761002,481556637,1649383702,1649429286,wrong
643091279,2761002,481556637,1649383702,1649429522,correct
642988638,2761002,481494937,1649393997,1649420573,wrong
643020051,2761002,481494937,1649423092,1649423207,correct
643021244,2761002,347640262,1649394418,1649423313,wrong
643027890,2761002,347640262,1649423349,1649423889,wrong
643028200,2761002,347640262,1649423349,1649423916,wrong
643028640,2761002,347640262,1649423349,1649423956,wrong
643028777,2761002,347640262,1649423349,1649423968,wrong
643028860,2761002,347640262,1649423349,1649423977,wrong
643030522,2761002,347640262,1649423349,1649424123,wrong
643033603,2761002,347640262,1649423349,1649424381,wrong
643033917,2761002,347640262,1649423349,1649424408,wrong
643034583,2761002,347640262,1649423349,1649424469,wrong
643033424,2761002,481555261,1649416248,1649424368,correct
643045408,2761002,481612550,1649399025,1649425399,correct
643057490,2761002,315802518,1649395707,1649426438,correct
643099875,2761002,482327526,1649406643,1649430283,correct
643115887,2761002,152646680,1649407073,1649431700,wrong
643142644,2761002,152646680,1649407073,1649434143,wrong
643145823,2761002,152646680,1649407073,1649434449,wrong
643146388,2761002,152646680,1649407073,1649434502,wrong
643147179,2761002,152646680,1649407073,1649434578,wrong
643148724,2761002,152646680,1649407073,1649434728,wrong
643150872,2761002,152646680,1649407073,1649434935,wrong
643152472,2761002,152646680,1649407073,1649435094,wrong
643154528,2761002,152646680,1649407073,1649435291,wrong
643157650,2761002,152646680,1649407073,1649435604,wrong
643158408,2761002,152646680,1649407073,1649435681,wrong
643158976,2761002,152646680,1649407073,1649435736,wrong
643161612,2761002,152646680,1649407073,1649436022,wrong
643164263,2761002,152646680,1649407073,1649436303,wrong
643169933,2761002,152646680,1649407073,1649436915,wrong
643170136,2761002,152646680,1649407073,1649436937,wrong
643174046,2761002,152646680,1649407073,1649437370,wrong
643174343,2761002,152646680,1649407073,1649437399,wrong
643174643,2761002,152646680,1649407073,1649437432,wrong
643175062,2761002,152646680,1649407073,1649437481,wrong
643175376,2761002,152646680,1649407073,1649437516,wrong
643152550,2761002,482028655,1649410233,1649435101,correct
643188467,2761002,482557597,1649412813,1649439068,wrong
643226865,2761002,482571590,1649430240,1649446143,correct
643229416,2761002,482346483,1649390268,1649446907,wrong
643229701,2761002,482346483,1649390268,1649446987,wrong
643256768,2761002,482346483,1649390268,1649462345,correct
643232692,2761002,67342288,1649409078,1649448053,wrong
643235326,2761002,45893502,1649407902,1649449012,correct
643246615,2761002,482350674,1649424580,1649456395,correct
643250592,2761002,482294706,1649403218,1649459053,wrong
643252031,2761002,482294706,1649403218,1649459845,wrong
643253079,2761002,482294706,1649403218,1649460417,wrong
643253795,2761002,482294706,1649403218,1649460788,wrong
643254016,2761002,482294706,1649403218,1649460916,wrong
643254774,2761002,482294706,1649403218,1649461329,wrong
643254841,2761002,482294706,1649403218,1649461358,wrong
643255529,2761002,482294706,1649403218,1649461691,wrong
643256215,2761002,482294706,1649403218,1649462076,wrong
643256474,2761002,482294706,1649403218,1649462208,wrong
643256559,2761002,482294706,1649403218,1649462248,wrong
643256631,2761002,482294706,1649403218,1649462281,wrong
643256708,2761002,482294706,1649403218,1649462316,wrong
643256759,2761002,482294706,1649403218,1649462341,wrong
643256820,2761002,482294706,1649403218,1649462368,wrong
643256864,2761002,482294706,1649403218,1649462394,wrong
608618916,2761024,50810846,1645788661,1645789111,wrong
608627256,2761024,50810846,1645788661,1645789937,correct
613167557,2761024,50810846,1646321109,1646321124,wrong
613177503,2761024,50810846,1646321109,1646322008,correct
621843688,2761024,268027593,1647350715,1647350728,wrong
621847469,2761024,268027593,1647350715,1647350976,wrong
621849486,2761024,268027593,1647350715,1647351101,wrong
621851404,2761024,268027593,1647350715,1647351224,wrong
621852112,2761024,268027593,1647351261,1647351265,wrong
621863707,2761024,268027593,1647351261,1647351979,wrong
621930961,2761024,268027593,1647351261,1647356330,wrong
621945921,2761024,268027593,1647351261,1647357386,wrong
621953149,2761024,268027593,1647351261,1647357897,wrong
621954728,2761024,268027593,1647351261,1647358013,wrong
621963236,2761024,268027593,1647351261,1647358609,correct
641476588,2761024,268027593,1649094516,1649263912,wrong
642617070,2761024,482412611,1649388460,1649393129,wrong
642618389,2761024,482412611,1649388460,1649393235,wrong
642630974,2761024,482412611,1649388460,1649394217,wrong
642638092,2761024,482412611,1649388460,1649394764,wrong
642638967,2761024,482412611,1649388460,1649394828,wrong
642639366,2761024,482412611,1649388460,1649394857,wrong
642646288,2761024,482412611,1649388460,1649395371,wrong
642646677,2761024,482412611,1649388460,1649395403,wrong
642649252,2761024,482412611,1649388460,1649395595,wrong
642650991,2761024,482412611,1649388460,1649395719,wrong
642651287,2761024,482412611,1649388460,1649395741,wrong
642651804,2761024,482412611,1649388460,1649395781,wrong
642653045,2761024,482412611,1649388460,1649395879,wrong
642653521,2761024,482412611,1649388460,1649395916,wrong
642653911,2761024,482412611,1649388460,1649395947,wrong
642654149,2761024,482412611,1649388460,1649395965,wrong
642655171,2761024,482412611,1649388460,1649396038,wrong
642655742,2761024,482412611,1649388460,1649396079,wrong
642663070,2761024,482412611,1649388460,1649396631,wrong
642664034,2761024,482412611,1649388460,1649396697,wrong
642664922,2761024,482412611,1649388460,1649396759,wrong
642665368,2761024,482412611,1649388460,1649396790,wrong
642665721,2761024,482412611,1649388460,1649396815,wrong
642666169,2761024,482412611,1649388460,1649396849,wrong
642667440,2761024,482412611,1649388460,1649396938,wrong
642668091,2761024,482412611,1649388460,1649396986,wrong
642668557,2761024,482412611,1649388460,1649397023,wrong
642672599,2761024,482412611,1649388460,1649397323,wrong
642673011,2761024,482412611,1649388460,1649397352,wrong
642674844,2761024,482412611,1649388460,1649397488,wrong
642675768,2761024,482412611,1649388460,1649397561,wrong
642678189,2761024,482412611,1649388460,1649397739,wrong
642679034,2761024,482412611,1649388460,1649397801,wrong
642679443,2761024,482412611,1649388460,1649397834,wrong
642681037,2761024,482412611,1649388460,1649397951,wrong
642681468,2761024,482412611,1649388460,1649397982,wrong
642682808,2761024,482412611,1649388460,1649398082,correct
642636126,2761024,129099809,1649382848,1649394611,wrong
642637424,2761024,129099809,1649382848,1649394715,wrong
642638277,2761024,129099809,1649382848,1649394777,wrong
642958099,2761024,129099809,1649382848,1649418081,wrong
642962654,2761024,129099809,1649382848,1649418421,correct
642639085,2761024,33776034,1649380578,1649394838,correct
642641557,2761024,58517099,1649391413,1649395021,wrong
642642153,2761024,58517099,1649391413,1649395065,correct
642677701,2761024,481515541,1649382448,1649397701,wrong
642680236,2761024,481515541,1649382448,1649397892,correct
642734951,2761024,482350401,1649395601,1649401806,correct
642784711,2761024,45348372,1649390175,1649405425,wrong
642785471,2761024,45348372,1649390175,1649405477,correct
642920214,2761024,45893502,1649410611,1649415170,wrong
642925701,2761024,45893502,1649410611,1649415576,wrong
642926788,2761024,45893502,1649410611,1649415653,wrong
643235380,2761024,45893502,1649410611,1649449035,correct
642924577,2761024,152682664,1649413484,1649415494,wrong
642953480,2761024,152682664,1649413484,1649417728,correct
642931924,2761024,129410134,1649384232,1649416073,wrong
642944421,2761024,129410134,1649384232,1649417057,wrong
642944873,2761024,129410134,1649384232,1649417092,wrong
642946878,2761024,129410134,1649384232,1649417248,wrong
642947622,2761024,129410134,1649384232,1649417300,wrong
642948000,2761024,129410134,1649384232,1649417328,wrong
642948927,2761024,129410134,1649384232,1649417399,wrong
642949998,2761024,129410134,1649384232,1649417473,wrong
642955841,2761024,129410134,1649384232,1649417911,wrong
642978626,2761024,129410134,1649384232,1649419717,wrong
642981262,2761024,129410134,1649384232,1649419931,wrong
642981656,2761024,129410134,1649384232,1649419964,wrong
642984359,2761024,129410134,1649384232,1649420196,wrong
642985126,2761024,129410134,1649384232,1649420265,wrong
642985666,2761024,129410134,1649384232,1649420317,wrong
642985835,2761024,129410134,1649384232,1649420332,wrong
642986001,2761024,129410134,1649384232,1649420346,wrong
642986578,2761024,129410134,1649384232,1649420398,wrong
642991974,2761024,129410134,1649384232,1649420856,wrong
643004352,2761024,129410134,1649384232,1649421872,wrong
643004905,2761024,129410134,1649384232,1649421917,wrong
643005366,2761024,129410134,1649384232,1649421956,wrong
643005817,2761024,129410134,1649384232,1649421993,wrong
643005912,2761024,129410134,1649384232,1649422001,wrong
643006995,2761024,129410134,1649384232,1649422095,wrong
643007867,2761024,129410134,1649384232,1649422172,wrong
643012075,2761024,129410134,1649384232,1649422513,wrong
643012540,2761024,129410134,1649384232,1649422553,wrong
643013773,2761024,129410134,1649384232,1649422655,wrong
643019246,2761024,129410134,1649384232,1649423139,wrong
643030538,2761024,129410134,1649384232,1649424124,wrong
643030803,2761024,129410134,1649384232,1649424147,wrong
643034112,2761024,129410134,1649384232,1649424425,wrong
643035125,2761024,129410134,1649384232,1649424516,wrong
643036763,2761024,129410134,1649384232,1649424656,wrong
643037072,2761024,129410134,1649384232,1649424683,wrong
643038501,2761024,129410134,1649384232,1649424805,wrong
643040081,2761024,129410134,1649384232,1649424935,wrong
643047726,2761024,129410134,1649384232,1649425600,wrong
643049537,2761024,129410134,1649384232,1649425753,correct
642969105,2761024,323807524,1649395562,1649418916,wrong
642986695,2761024,323807524,1649395562,1649420409,correct
643005250,2761024,65456111,1649399252,1649421947,correct
643019059,2761024,482242439,1649387855,1649423122,wrong
643033498,2761024,482242439,1649387855,1649424373,wrong
643033933,2761024,482242439,1649387855,1649424410,wrong
643034267,2761024,482242439,1649387855,1649424439,wrong
643034536,2761024,482242439,1649387855,1649424465,wrong
643035166,2761024,482242439,1649387855,1649424519,wrong
643035346,2761024,482242439,1649387855,1649424534,wrong
643035769,2761024,482242439,1649387855,1649424570,wrong
643038075,2761024,482242439,1649387855,1649424766,wrong
643052233,2761024,482242439,1649387855,1649425983,wrong
643054775,2761024,482242439,1649387855,1649426204,wrong
643059073,2761024,482242439,1649387855,1649426576,wrong
643073786,2761024,482242439,1649387855,1649427916,wrong
643074002,2761024,482242439,1649387855,1649427934,correct
643031263,2761024,315802518,1649396358,1649424185,wrong
643034203,2761024,315802518,1649396358,1649424434,correct
643059052,2761024,481480454,1649380642,1649426574,wrong
643059417,2761024,481480454,1649380642,1649426606,wrong
643104330,2761024,481480454,1649380642,1649430684,wrong
643140526,2761024,481480454,1649380642,1649433935,wrong
643150641,2761024,481480454,1649380642,1649434912,correct
643093853,2761024,257479821,1649388040,1649429749,wrong
643094344,2761024,257479821,1649388040,1649429792,wrong
643095260,2761024,257479821,1649388040,1649429873,correct
643101602,2761024,481478614,1649426037,1649430445,wrong
643102094,2761024,481478614,1649426037,1649430487,wrong
643103782,2761024,481478614,1649426037,1649430635,wrong
643137756,2761024,481478614,1649426037,1649433677,wrong
643139702,2761024,481478614,1649426037,1649433859,wrong
643161470,2761024,481478614,1649426037,1649436005,correct
643104100,2761024,482249515,1649384091,1649430664,wrong
643106849,2761024,482249515,1649430886,1649430900,wrong
643107820,2761024,482249515,1649430978,1649430984,wrong
643108940,2761024,482249515,1649431077,1649431083,wrong
643110617,2761024,482249515,1649431228,1649431233,wrong
643111299,2761024,482249515,1649431228,1649431289,wrong
643147220,2761024,482249515,1649431228,1649434581,correct
643134197,2761024,482327526,1649406650,1649433331,wrong
643135388,2761024,482327526,1649406650,1649433448,correct
643139903,2761024,481509913,1649404649,1649433878,wrong
643140820,2761024,481509913,1649404649,1649433964,wrong
643141828,2761024,481509913,1649404649,1649434065,wrong
643142810,2761024,481509913,1649404649,1649434158,wrong
643143763,2761024,481509913,1649404649,1649434249,wrong
643144774,2761024,481509913,1649404649,1649434346,wrong
643162252,2761024,481509913,1649404649,1649436083,wrong
643172275,2761024,481509913,1649404649,1649437169,wrong
643172486,2761024,481509913,1649404649,1649437192,wrong
643197604,2761024,481509913,1649404649,1649440268,wrong
643204338,2761024,481509913,1649404649,1649441266,wrong
643205113,2761024,481509913,1649404649,1649441393,wrong
643205201,2761024,481509913,1649404649,1649441409,wrong
643219648,2761024,481509913,1649404649,1649444129,wrong
643219762,2761024,481509913,1649404649,1649444153,wrong
643219844,2761024,481509913,1649404649,1649444173,wrong
643220500,2761024,481509913,1649404649,1649444337,wrong
643221005,2761024,481509913,1649404649,1649444465,wrong
643221394,2761024,481509913,1649404649,1649444575,wrong
643221512,2761024,481509913,1649404649,1649444607,wrong
643224676,2761024,481509913,1649404649,1649445443,wrong
643227476,2761024,481509913,1649404649,1649446331,wrong
643229816,2761024,481509913,1649404649,1649447027,wrong
643147041,2761024,481556637,1649384210,1649434563,correct
643155678,2761024,481555261,1649416258,1649435407,wrong
643177775,2761024,481555261,1649416258,1649437786,correct
643227715,2761024,179107075,1649382068,1649446398,wrong
643230501,2761024,179107075,1649382068,1649447244,wrong
643238652,2761024,179107075,1649382068,1649450629,wrong
643239110,2761024,179107075,1649382068,1649450914,correct
643229856,2761024,481509913,1649447040,1649447045,wrong
643229886,2761024,481509913,1649447040,1649447056,wrong
643229941,2761024,481509913,1649447040,1649447074,wrong
643239224,2761024,63107839,1649395813,1649450981,wrong
643239258,2761024,63107839,1649395813,1649451003,wrong
643248930,2761024,152682664,1649427207,1649458170,wrong
643250221,2761024,152682664,1649427207,1649458842,wrong
616809816,2761033,50810846,1646820746,1646820759,wrong
616814909,2761033,50810846,1646820746,1646821105,wrong
616815655,2761033,50810846,1646820746,1646821154,wrong
617573932,2761033,50810846,1646820746,1646898632,wrong
617577971,2761033,50810846,1646820746,1646898887,wrong
617588309,2761033,50810846,1646820746,1646899542,correct
630471904,2761033,268027593,1647235003,1648205394,wrong
630473064,2761033,268027593,1648205476,1648205483,wrong
630474080,2761033,268027593,1648205558,1648205562,wrong
630476538,2761033,268027593,1648205740,1648205746,wrong
630482435,2761033,268027593,1648206185,1648206190,wrong
630495360,2761033,268027593,1648207195,1648207199,wrong
630499723,2761033,268027593,1648207543,1648207547,correct
630502009,2761033,268027593,1648207717,1648207721,wrong
630509325,2761033,268027593,1648207717,1648208287,wrong
630513526,2761033,268027593,1648207717,1648208606,correct
630525155,2761033,268027593,1648208710,1648209523,correct
631340323,2761033,268027593,1648306922,1648306937,correct
635140780,2761033,50810846,1648655580,1648655907,correct
642768013,2761033,58517099,1649391418,1649404220,wrong
642776592,2761033,58517099,1649391418,1649404821,wrong
642805351,2761033,58517099,1649391418,1649406924,wrong
642820413,2761033,58517099,1649391418,1649407950,wrong
642825282,2761033,58517099,1649391418,1649408289,wrong
642827041,2761033,58517099,1649391418,1649408402,correct
643022201,2761033,482412611,1649396378,1649423400,wrong
643022738,2761033,482412611,1649396378,1649423447,wrong
643024589,2761033,482412611,1649396378,1649423607,wrong
643032212,2761033,482412611,1649396378,1649424264,wrong
643036728,2761033,482412611,1649396378,1649424652,wrong
643037247,2761033,482412611,1649396378,1649424699,wrong
643040017,2761033,482412611,1649396378,1649424930,wrong
643042593,2761033,482412611,1649396378,1649425150,wrong
643045432,2761033,482412611,1649396378,1649425401,wrong
643046569,2761033,482412611,1649396378,1649425502,wrong
643048828,2761033,482412611,1649396378,1649425696,wrong
643049688,2761033,482412611,1649396378,1649425766,wrong
643052659,2761033,482412611,1649396378,1649426020,wrong
643054745,2761033,482412611,1649396378,1649426202,wrong
643054990,2761033,482412611,1649396378,1649426224,wrong
643055968,2761033,482412611,1649396378,1649426306,wrong
643057203,2761033,482412611,1649396378,1649426411,wrong
643058035,2761033,482412611,1649396378,1649426487,wrong
643058324,2761033,482412611,1649396378,1649426513,wrong
643059811,2761033,482412611,1649396378,1649426639,wrong
643061496,2761033,482412611,1649396378,1649426796,wrong
643062120,2761033,482412611,1649396378,1649426854,wrong
643062545,2761033,482412611,1649396378,1649426892,correct
643032106,2761033,33776034,1649380578,1649424256,correct
643032292,2761033,482350401,1649396615,1649424270,correct
643032368,2761033,481515541,1649382552,1649424277,wrong
643033043,2761033,481515541,1649382552,1649424335,correct
643054199,2761033,315802518,1649395729,1649426154,wrong
643157923,2761033,129099809,1649382939,1649435633,wrong
643161119,2761033,129099809,1649382939,1649435968,wrong
643198689,2761033,152682664,1649417809,1649440433,wrong
643216720,2761033,152682664,1649417809,1649443449,wrong
643221632,2761033,152682664,1649417809,1649444639,wrong
643222449,2761033,152682664,1649417809,1649444849,wrong
643232394,2761033,152682664,1649417809,1649447921,wrong
643232718,2761033,152682664,1649417809,1649448064,wrong
643233085,2761033,152682664,1649417809,1649448209,correct
643238800,2761033,482242439,1649387859,1649450714,wrong
643245021,2761033,482242439,1649387859,1649455274,wrong
643245288,2761033,482242439,1649387859,1649455469,wrong
643247036,2761033,482242439,1649387859,1649456718,wrong
643247299,2761033,482242439,1649387859,1649456904,wrong
643247543,2761033,482242439,1649387859,1649457077,wrong
643247811,2761033,482242439,1649387859,1649457327,wrong
643248507,2761033,482242439,1649387859,1649457923,wrong
643249576,2761033,482242439,1649387859,1649458525,wrong
643249731,2761033,482242439,1649387859,1649458606,wrong
643250749,2761033,482242439,1649387859,1649459138,wrong
643251227,2761033,482242439,1649387859,1649459395,wrong
643241836,2761033,63107839,1649395769,1649452732,wrong
643245555,2761033,179107075,1649382070,1649455678,wrong
643249069,2761033,481478614,1649436068,1649458258,wrong
643249824,2761033,481478614,1649436068,1649458649,wrong
643250650,2761033,481478614,1649436068,1649459082,wrong
643250941,2761033,481478614,1649436068,1649459246,wrong
643251294,2761033,481478614,1649436068,1649459433,wrong
643251413,2761033,481478614,1649436068,1649459496,wrong
658301710,2761033,481478614,1649436068,1651000562,wrong
658301846,2761033,481478614,1649436068,1651000598,wrong
658303761,2761033,481478614,1649436068,1651001182,wrong
658304138,2761033,481478614,1649436068,1651001295,wrong
683778927,2761033,481478614,1649436068,1653659972,wrong
643250531,2761033,482249515,1649384118,1649459013,wrong
636186842,2761037,268027593,1648717241,1648748116,wrong
636188412,2761037,268027593,1648717241,1648748262,wrong
636213069,2761037,268027593,1648717241,1648751007,wrong
636214240,2761037,268027593,1648717241,1648751194,wrong
636218975,2761037,268027593,1648717241,1648751986,wrong
636226053,2761037,268027593,1648717241,1648753425,wrong
636226248,2761037,268027593,1648717241,1648753465,wrong
636226398,2761037,268027593,1648717241,1648753495,wrong
636548148,2761037,268027593,1648717241,1648798030,correct
636568718,2761037,268027593,1648799365,1648799387,correct
636573883,2761037,50810846,1648799520,1648799732,correct
636580311,2761037,50810846,1648800074,1648800167,wrong
641413434,2761037,50810846,1648800074,1649259322,correct
639596467,2761037,268027593,1648800213,1649093324,correct
639619050,2761037,268027593,1649093422,1649095691,correct
641420323,2761037,50810846,1649259402,1649259765,correct
641463973,2761037,268027593,1649262914,1649262933,correct
641477203,2761037,268027593,1649263956,1649263960,correct
642793885,2761037,58517099,1649391441,1649406104,correct
642830229,2761037,58517099,1649408613,1649408617,wrong
642831571,2761037,58517099,1649408613,1649408715,correct
643084609,2761037,481515541,1649389051,1649428913,wrong
643132367,2761037,481515541,1649389051,1649433172,wrong
643137887,2761037,481515541,1649389051,1649433691,wrong
643139241,2761037,481515541,1649389051,1649433816,wrong
643140024,2761037,481515541,1649389051,1649433889,correct
643117273,2761037,482412611,1649396909,1649431821,correct
643119347,2761037,482412611,1649431998,1649432003,correct
643120814,2761037,482412611,1649432133,1649432137,correct
643121863,2761037,482412611,1649432224,1649432228,correct
643122592,2761037,482412611,1649432291,1649432296,correct
643123250,2761037,482412611,1649432336,1649432348,correct
643124257,2761037,482412611,1649432434,1649432438,correct
643127227,2761037,482412611,1649432705,1649432709,correct
643128668,2761037,482412611,1649432830,1649432836,correct
643129554,2761037,482412611,1649432910,1649432915,correct
643130458,2761037,482412611,1649432999,1649433005,correct
643131830,2761037,482412611,1649433121,1649433125,correct
643140305,2761037,482350401,1649396655,1649433913,correct
643141268,2761037,33776034,1649380580,1649434008,correct
643148960,2761037,33776034,1649434739,1649434752,correct
643150670,2761037,481515541,1649434841,1649434916,correct
643151463,2761037,481515541,1649434991,1649434995,correct
643152268,2761037,33776034,1649435066,1649435073,correct
643153348,2761037,33776034,1649435173,1649435177,correct
643158684,2761037,482350401,1649435570,1649435708,correct
643239119,2761037,63107839,1649395790,1649450918,wrong
643241825,2761037,63107839,1649395790,1649452722,wrong
643239341,2761037,152682664,1649424814,1649451061,correct
643239734,2761037,152682664,1649451267,1649451285,correct
643240159,2761037,152682664,1649451520,1649451526,wrong
643240197,2761037,152682664,1649451520,1649451547,correct
643241460,2761037,152682664,1649452424,1649452437,correct
643242870,2761037,152682664,1649452978,1649453551,correct
643250238,2761037,152682664,1649453617,1649458849,correct
643250423,2761037,152682664,1649458894,1649458952,correct
643251622,2761037,152682664,1649459009,1649459631,correct
643252072,2761037,152682664,1649459653,1649459867,correct
643252154,2761037,152682664,1649459908,1649459921,correct
643254476,2761037,152682664,1649459944,1649461190,wrong
643255140,2761037,152682664,1649459944,1649461487,correct
